Workbook

Sheet Convênios
A1: Dados Básicos do Instrumento | P1: Situação do Repasse Financeiro | R1: Status da Cláusula Suspensiva e Aditivo | T1: Categorização de Motivos | U1: Contatos
A2: Ano | B2: Nome do proponente | C2: UF do Proponente | D2: Instrumento | E2: Número da Proposta | F2: Número do processo SEI | G2: Objeto | H2: Modalidade | I2: Código do Programa | J2: Parlamentar Solicitante | K2: Data Início de Vigência | L2: Data Término de Vigência Atual | M2: Valor de Repasse da Proposta | N2: Valor Global | O2: Valor do Empenho | P2: Repasse Financeiro Realizado? | Q2: Valor Já Repassado (MTur) | R2: Saiu da Cláusula Suspensiva? | S2: Termo Aditivo Assinado? | T2: Motivo da Permanência na Cláusula Suspensiva | U2: Telefone | V2: E-mail | W2: Data do Repasse
A3: 2024 | B3: Secretaria Estadual de Turismo do Rio Grande do Norte (SETUR-RN) | C3: RN | D3: Convênio nº 970061/2024 | E3: 005283/2024 | F3: 72031.002432/2024-84 | G3: Qualificação e Capacitação para profissionais que atuam ou pretendem atuar na área de turismo nos municípios de Currais Novos, Cerro Corá, Lagoa Nova, Carnaúba dos Dantas e Parelhas, Felipe Guerra, Portalegre e Patu, localizados na região do Seridó, IGR Rota do Frio e Oeste Potiguar do Rio Grande do Norte. | H3: RP6 | I3: 5400020240008 | J3: Fernando Mineiro | K3: 45639 | L3: 46551 | M3: 500000 | N3: 546039.72 | O3: 500000 | P3: SIM | Q3: 500000 | R3: SIM | S3: SIM | U3: (84) 98113-2313 | V3: kalinesetur@gmail.com ; seturqualificacão@gmail.com | W3: 45968
A4: 2024 | B4: Serviço Nacional de Aprendizagem Comercial do Rio Grande do Norte (SENAC-RN) | C4: RN | D4: Convênio nº 970093/2024 | E4: 006142/2024 | F4: 72031.002426/2024-27 | G4: Desenvolvimento do turismo no interior do Rio Grande do Norte, oportunizando a sustentabilidade turística, impulsionando o crescimento econômico, inclusivo e sustentável, do turismo e da cultura, por meio de ações de consultoria e qualificação para formação do trade turístico e da comunidade. | H4: RP6 | I4: 5400020240008 | J4: Rogério Marinho | K4: 45649 | L4: 46387 | M4: 1000000 | N4: 1000000 | O4: 1000000 | P4: SIM | Q4: 1000000 | R4: SIM | S4: SIM | U4: (84) 99152-8548 | V4: IgorG@rn.senac.br | W4: 45802
A5: 2024 | B5: SERVICO DE APOIO AS MICRO E PEQUENAS EMPRESAS DE SE (SEBRAE) | C5: SE | D5: Convênio nº 970062/2024 | E5: 001673/2024 | F5: 72031.002433/2024-29 | G5: Implementação de ações de qualificação destinados à realização de estudos, capacitações e eventos voltados para os trabalhadores do setor do turismo, microempreendedores individuais, microempresas, produtores locais associados ao turismo, artesãos e gestores públicos e privados do estado de Sergipe. | H5: RP6 | I5: 5400020240008 | J5: Yandra Moura | K5: 45644 | L5: 46739 | M5: 1000000 | N5: 1050000 | O5: 1000000 | P5: SIM | Q5: 1000000 | R5: SIM | S5: SIM | U5: (79) 9633-9585 | V5: direx@se.sebrae.com.br | W5: 45699
A6: 2024 | B6: SECRETARIA DE ESTADO DE TURISMO (SETUR-PA) | C6: PA | D6: Convênio nº 969365/2024 | E6: 024089/2024 | F6: 72031.007271/2023-34 | G6: Qualificar o maior número de prestadores de serviço do turismo nas cidades de Belém, Ananindeua, Marituba e Benevides. Planeja-se, também, acompanhar e monitorar a inserção das pessoas atendidas no mercado de trabalho do turismo, com vistas a garantir a incorporação de mão de obra qualificada e alcançar o objetivo primeiro desta proposta. Para isso, pretende-se contratar empresa especializada para executar os cursos pretendidos, sob acompanhamento e fiscalização da Secretaria de Estado de Turismo do Pará. | H6: RP2 | I6: 5400020240012 | J6: MINISTRO | K6: 45657 | L6: 46386 | M6: 1000000 | N6: 1020000 | O6: 1000000 | P6: NÃO | R6: SIM | S6: SIM | T6: Foi Assinado mas ALDO pediu para segurar o cadastro do TA | U6: (91) 9275-0780 | V6: raylime.costa@setur.pa.gov.br
A7: 2025 | B7: MUNICIPIO DE WENCESLAU GUIMARAES | C7: RN | D7: Convênio nº 982062/2025 | E7: 044302/2025 | F7: 72031.007745/2025-18 | G7: Implementação do Projeto Esporte Transformando Vidas, no Município de Wenceslau Guimarães-BA. | H7: RP8 | I7: 5400020250017 | J7: Dal Barreto | K7: 46022 | L7: 46507 | M7: 450000 | N7: 455000 | O7: 450000 | P7: NÃO | R7: NÃO | S7: NÃO | T7: NÃO FEZ O ENVIO DA PLANILHA E NEM DO TR ATUALIZADO | U7: (73) 99979-4436 | V7: gabrielandrade_gomes@hotmail.com
A8: 2025 | B8: MUNICIPIO DE PORANGATU | C8: GO | D8: Convênio nº 981938/2025 | E8: 045921/2025 | F8: 72031.007744/2025-65 | G8: Realização de cursos e oficinas de qualificação profissional voltados a prestadores de serviços turísticos no município de Porangatu-Go. | H8: RP8 | I8: 5400020250017 | J8: José Nelto | K8: 46010 | L8: 46740 | M8: 450000 | N8: 455377.26 | O8: 450000 | P8: NÃO | R8: NÃO | S8: NÃO | T8: THIAGO ESTÁ ANALISANDO | U8: (62) 99314-8683 | V8: conveniosporangatu2021@gmail.com
A9: 2025 | B9: MUNICIPIO DE NATAL | C9: RN | D9: Convênio nº 988080/2025 | E9: 065869/2025 | F9: 72031.010978/2025-90 | G9: Execução de ações de qualificação profissional no setor turistico de Natal, por meio de cursos e capacitações | H9: RP8 | I9: 5400020250017 | J9: Pedro Lucas Fernandes | K9: 46014 | L9: 46744 | M9: 2994000 | N9: 3000000 | O9: 2994000 | P9: NÃO | R9: SIM | S9: SIM | U9: (84) 3232-4907 | V9: gestores.sempla@natal.rn.gov.br
A10: 2025 | B10: MUNICÍPIO DO CONDE | C10: PB | D10: Convênio nº 982177/2025 | E10: 058187/2025 | F10: 72031.009014/2025-07 | G10: Realização de cursos de qualificação profissional voltados a prestadores de serviços turísticos. | H10: RP8 | I10: 5400020250017 | J10: Cabo Gilberto Silva | K10: 46009 | L10: 46739 | M10: 990000 | N10: 1000000 | O10: 1000000 | P10: NÃO | R10: SIM | S10: SIM | U10: (83) 99649-0180 | V10: gabinetedaprefeita@conde.pb.gov.br
A11: 2025 | B11: MUNICIPIO DE TRAJANO DE MORAIS | C11: RJ | D11: Convênio nº 981834/2025 | E11: 046999/2025 | F11: 72031.007737/2025-63 | G11: Realização de cursos de qualificação profissional voltados a prestadores de serviços turísticos. | H11: RP8 | I11: 5400020250017 | J11: Dani Cunha | K11: 46013 | L11: 46741 | M11: 700000 | N11: 707000 | O11: 700000 | P11: NÃO | R11: SIM | S11: SIM | U11: (22) 2564-1115 | V11: gmc@trajanodemoraes.rj.gov.br
A12: 2025 | B12: MUNICIPIO DE CAPELA | C12: SE | D12: Convênio nº 981970/2025 | E12: 053406/2025 | F12: 72031.007719/2025-81 | G12: Realização de cursos de qualificação profissional voltados a prestadores de serviços turísticos, no município de Capela/SE. | H12: RP8 | I12: 5400020250017 | J12: Pedro Lucas Fernandes/Dep Yandra | K12: 46008 | L12: 46738 | M12: 1300000 | N12: 1301400 | O12: 1300000 | P12: NÃO | R12: NÃO | S12: NÃO | T12: TIAGO MENDES ESTÁ ANALISANDO | U12: (79) 99889-8295 | V12: gabinete@capela.se.gov.br
A13: 2025 | B13: SECRETARIA DO DESENVOLVIMENTO ECONOMICO - Luzilândia/PI | C13: PI | D13: Convênio nº 981840/2025 | E13: 055620/2025 | F13: 72031.008914/2025-29 | G13: Realização de Cursos de Qualificação Profissional Voltados a Prestadores de Serviços Turísticos no Município de Luzilândia – PI. | H13: RP8 | I13: 5400020250017 | J13: Florentino Neto | K13: 46010 | L13: 46740 | M13: 500000 | N13: 505000 | O13: 500000 | P13: NÃO | R13: SIM | S13: SIM | T13: FALTA CGFC PUBLICAR O TA | U13: (86) 98858-1816 | V13: sde@sde.pi.gov.br
A14: 2025 | B14: ESTADO DO ACRE | C14: AC | D14: Convênio nº 984749/2025 | E14: 062060/2025 | F14: 72031.009977/2025-01 | G14: Realização de cursos de qualificação profissional voltados aos prestadores de serviços turísticos, promovendo a melhoria da qualidade dos serviços, a valorização da cultura local, a geração de emprego e renda e o fortalecimento da competitividade do destino Acre. | H14: RP8 | I14: 5400020250017 | J14: Eduardo Velloso | K14: 46021 | L14: 46752 | M14: 500000 | N14: 500500.5 | O14: 500000 | P14: NÃO | R14: SIM | S14: SIM | T14: FALTA O PROPONENTE AJUSTAR O PT | U14: (22) 99738-1433 | V14: aldelice.souza@ac.gov.br
A15: 2025 | B15: MUNICÍPIO DE ITALVA | C15: RJ | D15: Convênio nº 982182/2025 | E15: 058330/2025 | F15: 72031.009016/2025-98 | G15: Realização de cursos de qualificação profissional voltados aos prestadores de serviços turísticos no Município de Italva/RJ. | H15: RP8 | I15: 5400020250017 | J15: Marcos Soares | K15: 46014 | L15: 46744 | M15: 1259150 | N15: 1260750 | O15: 1450000 | P15: NÃO | R15: SIM | S15: SIM | U15: (22) 99738-1433 | V15: con.conveniositalva@gmail.com
A16: 2025 | B16: MUNICIPIO DE CAREIRO | C16: AM | D16: Convênio nº 982173/2025 | E16: 046967/2025 | F16: 72031.007739/2025-52 | G16: Realização de cursos de qualificação profissional voltados a prestadores de serviços turísticos do município de Careiro/AM. | H16: RP8 | I16: 5400020250017 | J16: Pauderney Avelino | K16: 46021 | L16: 46741 | M16: 450000 | N16: 452000 | O16: 450000 | P16: NÃO | R16: SIM | S16: SIM | T16: FALTA CADASTRAR O TA | U16: (92) 99344-9190 | V16: pref.careiro@hotmail.com
A17: 2025 | B17: MUNICIPIO DE TIBAU DO SUL | C17: RN | D17: Convênio nº 981972/2025 | E17: 048276/2025 | F17: 72031.007727/2025-28 | G17: PROMOVER A QUALIFICAÇÃO PROFISSIONAL NO MUNICÍPIO DE TIBAU DO SUL-RN | H17: RP8 | I17: 5400020250017 | J17: Benes Leocádio | K17: 46007 | L17: 46737 | M17: 400000 | N17: 401000 | O17: 400000 | P17: NÃO | R17: SIM | S17: SIM | U17: (84) 98839-0730 | V17: seturtibaudosul@gmail.com
A18: 2025 | B18: MUNICIPIO DE NILOPOLIS | C18: RJ | D18: Convênio nº 982154/2025 | E18: 048504/2025 | F18: 72031.007723/2025-40 | G18: Promover a qualificação profissional da população de Nilópolis e adjacências, ampliando as oportunidades de inserção produtiva e contribuindo para o desenvolvimento sustentável do turismo na Região Turística Baixada Verde. | H18: RP8 | I18: 5400020250017 | J18: Ricardo Abrão | K18: 46020 | L18: 46507 | M18: 800000 | N18: 808000 | O18: 800000 | P18: NÃO | R18: NÃO | S18: NÃO | T18: TIAGO MENDES ESTÁ ANALISANDO | U18: (22) 99765-0323 | V18: abraaodavid@nilopolis.rj.gov.br
A19: 2025 | B19: MUNICIPIO DE CANINDE DE SAO FRANCISCO | C19: SE | D19: Convênio nº 981733/2025 | E19: 048648/2025 | F19: 72031.007722/2025-03 | G19: Realização de cursos de qualificação profissional voltados a prestadores de serviços turísticos, com foco em hospitalidade, atendimento, sustentabilidade e inclusão. | H19: RP8 | I19: 5400020250017 | J19: Yandra Moura | K19: 46007 | L19: 46737 | M19: 450000 | N19: 451000 | O19: 450000 | P19: NÃO | R19: SIM | S19: SIM | U19: (79) 9922-1220 | V19: randerson@caninde.se.gov.br
A20: 2025 | B20: MUNICIPIO DE SOBRAL | C20: CE | D20: Convênio nº 982143/2025 | E20: 056109/2025 | F20: 72031.008756/2025-15 | G20: Realizar cursos de qualificação profissional voltados a prestadores de serviços turísticos em Sobral - CE | H20: RP8 | I20: 5400020250017 | J20: Moses Rodrigues | K20: 46020 | L20: 46510 | M20: 1500000 | N20: 1612903.2 | O20: 1500000 | P20: NÃO | R20: SIM | S20: SIM | U20: (88)99618-2204 | V20: carlosamaral@sobral.ce.gov.br
A21: 2025 | B21: MUNICIPIO DE SOBRAL | C21: CE | D21: Convênio nº 982074/2025 | E21: 047412/2025 | F21: 72031.007733/2025-85 | G21: Realização de cursos de qualificação profissional voltados à cadeia produtiva do turismo de Sobral - CE. | H21: RP8 | I21: 5400020250017 | J21: Moses Rodrigues | K21: 46010 | L21: 46507 | M21: 450000 | N21: 451681.86 | O21: 450000 | P21: NÃO | R21: SIM | S21: SIM | T21: TA PUBLICADO | U21: (88) 3677-1100 (88)99618-2204 | V21: carlosamaral@sobral.ce.gov.br
A22: 2025 | B22: MUNICIPIO DE IAÇU | C22: BA | D22: Convênio nº 982032/2025 | E22: 048766/2025 | F22: 72031.007721/2025-51 | G22: Realização de cursos de qualificação profissional voltados a prestadores de serviços turísticos. | H22: RP8 | I22: 5400020250017 | J22: Dal Barreto | K22: 46007 | L22: 47015 | M22: 370000 | N22: 379820 | O22: 370000 | P22: NÃO | R22: SIM | S22: SIM | T22: AGUARDANDO AJUSTES NO TGOV PELO PROPONENTE | U22: (75) 98238-4540 | V22: gabineteiacu21@gmail.com
A23: 2025 | B23: SECRETARIA DO DESENVOLVIMENTO ECONOMICO - Teresina/PI | C23: PI | D23: Convênio nº 981837/2025 | E23: 055573/2025 | F23: 72031.008918/2025-15 | G23: Realização de Cursos de Qualificação Profissional Voltados a Prestadores de Serviços Turísticos no Município de Teresina – PI. | H23: RP8 | I23: 5400020250017 | J23: Florentino Neto | K23: 46020 | L23: 46741 | M23: 500000 | N23: 505000 | O23: 500000 | P23: NÃO | R23: SIM | S23: SIM | U23: (86) 98858-1816 | V23: sde@sde.pi.gov.br
A24: 2025 | B24: SECRETARIA DE ESTADO DE TURISMO (SETUR-PA) | C24: PA | D24: Convênio nº 982176/2025 | E24: 046938/2025 | F24: 72031.007587/2025-98 | G24: Realização de cursos de qualificação profissional para prestadores de serviços turísticos no Estado do Pará. | H24: RP8 | I24: 5400020250017 | J24: Pedro Lucas Fernandes | K24: 46020 | L24: 46483 | M24: 2600000 | N24: 2630400 | O24: 2600000 | P24: SIM | Q24: 2600000 | R24: SIM | S24: SIM | U24: (91) 9275-0780 | V24: raylime.costa@setur.pa.gov.br | W24: 46206
A25: 2025 | B25: Empresa Estadual de Turismo do Amazonas | C25: AM | D25: Convênio nº 981882/2025 | E25: 048072/2025 | F25: 72031.007729/2025-17 | G25: Realização de cursos de qualificação profissional voltados a gestores públicos, trabalhadores e gestores do setor turístico. | H25: RP8 | I25: 5400020250017 | J25: Fausto Santos Jr. | K25: 46007 | L25: 46504 | M25: 450000 | N25: 450500 | O25: 450000 | P25: NÃO | R25: SIM | S25: SIM | U25: (92) 98112-0362 | V25: convenios@amazonastur.am.gov.br
A26: 2025 | B26: SECRETARIA DO DESENVOLVIMENTO ECONOMICO - Parnaíba/PI | C26: PI | D26: Convênio nº 981838/2025 | E26: 055597/2025 | F26: 72031.008917/2025-62 | G26: Realização de Cursos de Qualificação Profissional Voltados a Prestadores de Serviços Turísticos no Município de Parnaíba – PI. | H26: RP8 | I26: 5400020250017 | J26: Florentino Neto | K26: 46021 | L26: 46507 | M26: 500000 | N26: 505000 | O26: 500000 | P26: NÃO | R26: SIM | S26: SIM | U26: (86) 98858-1816 | V26: sde@sde.pi.gov.br
A27: 2025 | B27: FUNDACAO WALL FERRAZ | C27: PI | D27: Convênio nº 981951/2025 | E27: 058243/2025 | F27: 72031.008951/2025-37 | G27: Teresina Cidade Verde: qualificar e capacitar para conectar e fortalecer as rotas turísticas | H27: RP8 | I27: 5400020250017 | J27: Julio Arcoverde | K27: 46015 | L27: 46745 | M27: 10000000 | N27: 10030000 | O27: 10000000 | P27: NÃO | R27: SIM | S27: SIM | U27: (86) 99576-3845 | V27: fwf@pmt.pi.gov.br
A28: 2025 | B28: SECRETARIA DE ESTADO DE ASSISTENCIA SOCIAL,TRABALHO,EMPREGO E RENDA (SEASTER-PA) | C28: PA | D28: Convênio nº 981933/2025 | E28: 48483/2025 | F28: 72031.007724/2025-94 | G28: Realização de cursos de qualificação profissional voltados a prestadores de serviços turísticos. | H28: RP8 | I28: 5400020250017 | J28: Dilvanda Faro | K28: 46008 | L28: 46738 | M28: 1500000 | N28: 1502000 | O28: 1500000 | P28: SIM | Q28: 1500000 | R28: SIM | S28: SIM | T28: AJUSTES AUTORIZADOS, AGUARDANDO PROPONENTE REALIZAR | U28: (94) 9134-9966 | V28: seasterpa@yahoo.com.br | W28: 46204
A29: 2025 | B29: MUNICIPIO DE GUARAREMA - CGTURES | C29: SP | D29: Convênio nº 982171/2025 | E29: 047176/2025 | F29: 72031.007735/2025-74 | G29: Elaboração de Projeto Piloto de Adaptação do Turismo às Mudanças Climáticas em Guararema-SP. | H29: RP8 | I29: 5400020250017 | J29: Deputado Federal David Soares | K29: 46015 | L29: 47026 | M29: 1700000 | N29: 1734000 | O29: 1700000 | P29: NÃO | R29: NÃO | S29: NÃO | T29: CGUTRES TA FAZENDO O TERMO ADITIVO | U29: (11) 4693-8000 | V29: claudia.borges@guararema.sp.gov.br
A30: 2025 | B30: SERVICO NACIONAL DE APRENDIZAGEM COMERCIAL - SENAC - AR/RN | C30: RN | D30: Convênio nº 978164/2025 | E30: 026461/2025 | F30: 72031.004919/2025-82 | G30: Desenvolvimento do turismo no interior do Rio Grande do Norte, oportunizando a sustentabilidade turística, impulsionando o crescimento econômico, inclusivo e sustentável, do turismo e da cultura, por meio de ações qualificação para formação do trade turístico e da comunidade, visando aumentar o fluxo turístico e a redução do desemprego com a interiorização do turismo nos municípios. | H30: RP6 | I30: 5400020250019 | J30: Rogério Marinho | K30: 45962 | L30: 46721 | M30: 500000 | N30: 500000 | O30: 500000 | P30: SIM | Q30: 500000 | R30: SIM | S30: SIM | U30: (84) 99152-8548 | V30: IgorG@rn.senac.br | W30: 46097
A31: 2026 | B31: MUNICIPIO DE MARTINOPOLE | C31: CE | D31: Convênio nº 994695/2026 | E31: 016094/2026 | F31: 72031.003111/2026-69 | G31: Realização de cursos de qualificação profissional voltados a cadeia produtiva do turismo de Martinópole | H31: RP2 | I31: 5400020260018 | J31: MINISTRO | K31: 46206 | L31: 46571 | M31: 500000 | N31: 505000 | O31: 500000 | P31: NÃO | R31: EM EXECUÇÃO | S31: EM EXECUÇÃO | T31: Falta contrapartida e processo licitatório | U31: (88) 3627-1300 | V31: pmmartinopole@gmail.com
A32: 2026 | B32: MUNICIPIO DE UMIRIM | C32: CE | D32: Convênio nº 994697/2026 | E32: 016277/2026 | F32: 72031.003167/2026-13 | G32: Realização de cursos de qualificação profissional voltados a prestadores de serviços turísticos. | H32: RP2 | I32: 5400020260018 | J32: MINISTRO | K32: 46206 | L32: 46571 | M32: 500000 | N32: 505000 | O32: 500000 | P32: NÃO | R32: EM EXECUÇÃO | S32: EM EXECUÇÃO | T32: Falta contrapartida e processo licitatório | U32: (85) 99807-5926 | V32: prefeitura.umirim@yahoo.com
A33: 2026 | B33: SECRETARIA DE ESTADO DO TURISMO E DO DESENVOLVIMENTO ECONOMICO - Paraiba/PB | C33: PB | D33: Convênio nº 994933/2026 | E33: 016757/2026 | F33: 72031.003282/2026-98 | G33: Qualificação profissional e fortalecimento da gestão empresarial no setor turístico do Estado da Paraíba, por meio da execução descentralizada de cursos, oficinas, formações técnicas e consultorias, em parceria com o Instituto Federal da Paraíba (IFPB), o Serviço de Apoio às Micro e Pequenas Empresas (SEBRAE/PB) e o Serviço Nacional do Aprendizagem Comercial (SENAC/PB). | H33: RP2 | I33: 5400020260018 | J33: MINISTRO | K33: 46188 | L33: 46553 | M33: 1000000 | N33: 1010000 | O33: 1000000 | P33: NÃO | R33: EM EXECUÇÃO | S33: EM EXECUÇÃO | T33: Não apresentaram o processo licitatório | U33: (83) 99140-2899 | V33: rosalia.lucas@setde.pb.gov.br
A34: 2026 | B34: ESTADO DO MARANHÃO - SECRETARIA DE ESTADO DO DESENVOLVIMENTO SOCIAL | C34: MA | D34: Convênio nº 7AABQQ/2026 | E34: 029175/2026 | F34: 72031.006356/2026-48 | G34: Promover a qualificação profissional, a inclusão produtiva e a empregabilidade de beneficiários do Programa Maranhão Livre da Fome, pessoas inscritas no Cadastro Único para Programas Sociais do Governo Federal (CadÚnico), trabalhadores e empreendedores da cadeia produtiva do turismo, por meio da oferta de cursos de formação profissional, ações de empreendedorismo, consultorias especializadas e mecanismos de inserção no mercado de trabalho, contribuindo para a geração de emprego e renda, o fortalecimento dos pequenos negócios turísticos, a melhoria da qualidade dos serviços ofertados e o desenvolvimento sustentável dos destinos turísticos do Estado do Maranhão. | H34: RP2 | I34: 5400020260018 | J34: MINISTRO | K34: 46366 | L34: 46731 | M34: 1000000 | N34: 1010000 | O34: 1000000 | P34: NÃO | R34: EM COMPLEMENTAÇÃO | S34: EM COMPLEMENTAÇÃO | T34: Apresentarem documentos na aba anexos | U34: (98) 2016-9200 | V34: gabsedes.ma@gmail.com
A35: 2026 | B35: SERVICO NACIONAL DE APRENDIZAGEM COMERCIAL - SENAC - AR/RN | C35: RN | D35: Convênio nº 7AAAMY/2026 | E35: 010275/2026 | F35: 72031.004566/2026-00 | G35: Realizar cursos de qualificação profissional voltados a prestadores de serviços turísticos e a comunidade, oportunizando o desenvolvimento do turismo local, a sustentabilidade turística, impulsionando o crescimento econômico, inclusivo e sustentável, do turismo e da cultura, do estado do Rio Grande do Norte. | H35: RP6 | I35: 5400020260017 | J35: Rogério Marinho | K35: 46357 | L35: 46721 | M35: 500000 | N35: 525000 | O35: 500000 | P35: NÃO | R35: EM COMPLEMENTAÇÃO | S35: EM COMPLEMENTAÇÃO | U35: (84) 99152-8548 | V35: IgorG@rn.senac.br
A36: 2026 | B36: MUNICIPIO DE NISIA FLORESTA | C36: RN | D36: Convênio nº 7AADYR/2026 | E36: 026609/2026 | F36: 72031.007272/2026-21 | G36: Capacitação e Qualificação para o setor de Turismo em Nísia Floresta/RN | H36: RP2 | I36: 5400020260018 | J36: MINISTRO | K36: 46237 | L36: 46995 | M36: 250000 | N36: 263618.48 | P36: NÃO | R36: EM COMPLEMENTAÇÃO | S36: EM COMPLEMENTAÇÃO | U36: (84) 98167-7071 | V36: prefeito@nisiafloresta.rn.gov.br
A37: 2026 | B37: MUNICÍPIO DE BAIA FORMOSA | C37: RN | E37: 034396/2026 | F37: 72031.008655/2026-17 | H37: RP2 | I37: 5400020260018 | J37: MINISTRO | K37: 46259 | L37: 47118 | M37: 250000 | N37: 251000 | P37: NÃO | R37: NÃO CADASTRADO | S37: NÃO CADASTRADO | T37: Enviado para analise

Sheet Resumo de Convênios

Sheet Termo de Fomento
P1: Situação do Repasse Financeiro | R1: Status das Ressalvas e Aditivo | T1: Categorização de Motivos | U1: Contatos
A2: Ano | B2: Nome do proponente | C2: UF do Proponente | D2: Instrumento | E2: Número da Proposta | F2: Número do processo SEI | G2: Objeto | H2: Modalidade | I2: Código do Programa | J2: Parlamentar Solicitante | K2: Data Início de Vigência | L2: Data Término de Vigência Atual | M2: Valor de Repasse da Proposta | N2: Valor Global | O2: Valor do Empenho | P2: Repasse Financeiro Realizado? | Q2: Valor Já Repassado (MTur) | R2: Saiu das Ressalvas? | S2: Termo Aditivo Assinado? | T2: Motivo da Permanência nas Ressalvas | U2: Telefone | V2: E-mail | W2: Data do Repasse
A3: 2024 | B3: Associação Brasileira da Indústria de Hotéis do Rio Grande do Norte - ABIH/RN | C3: RN | D3: Termo de Fomento nº 971418/2024 | E3: 035534/2024 | F3: 72031.009417/2024-67 | G3: Promover formação profissional, oportunizando o desenvolvimento do turismo local, a sustentabilidade turística, impulsionando o crescimento econômico e sustentável, do turismo e da cultura, do estado do Rio Grande do Norte. | H3: RP6 | I3: 5400020240014 | J3: Rogério Marinho | K3: 45657 | L3: 46317 | M3: 300000 | N3: 300000 | O3: 300000 | P3: SIM | Q3: 300000 | R3: SIM | S3: NÃO | T3: NT E TA EM ANALISE ALDO | U3: (84) 99211-4315 (84) 3202-2746 | V3: presidencia@abihrn.com.br | W3: 45833
A4: 2025 | B4: INSTITUTO NACIONAL DE PARCERIAS PUBLICAS - INPP | C4: DF | D4: Termo de Fomento nº 988679/2025 | E4: 065987/2025 | F4: 72031.011036/2025-29 | G4: Realização do projeto Qualifica Turismo | H4: RP8 | I4: 5400020250016 | J4: Doutor Luizinho | K4: 46022 | L4: 46538 | M4: 5000000 | N4: 5000000 | O4: 5000000 | P4: SIM | Q4: 5000000 | R4: SIM | S4: SIM | U4: (61) 99870-3785 | V4: institutoinppsocial@gmail.com | W4: 46163
A5: 2025 | B5: INSTITUTO SOCIAL DE CAPELANIA EDUCACIONAL E CULTURAL DO MARANHAO ISCEC MA | C5: MA | D5: Termo de Fomento nº 988537/2025 | E5: 065935/2025 | F5: 72031.011033/2025-95 | G5: Realização de Cursos de Qualificação voltados a prestadores de serviços turísticos. | H5: RP8 | I5: 5400020250016 | J5: Pedro Lucas Fernandes | K5: 46022 | L5: 46511 | M5: 330000 | N5: 330000 | O5: 330000 | P5: SIM | Q5: 330000 | R5: SIM | S5: SIM | U5: (98) 98809-1276 | V5: iscecma2025@gmail.com | W5: 46163
A6: 2025 | B6: INSTITUTO CONEXAO | C6: RJ | D6: Termo de Fomento nº 987800/2025 | E6: 065398/2025 | F6: 72031.010787/2025-28 | G6: Implementação do Projeto Rio Destino 360 no Estado do Rio de Janeiro. | H6: RP8 | I6: 5400020250016 | J6: Otoni de Paula | K6: 46022 | L6: 46392 | M6: 4000000 | N6: 4000000 | O6: 4000000 | P6: SIM | Q6: 4000000 | R6: SIM | S6: SIM | U6: (21) 97523-6226 (21) 983418620 | V6: institutoconexaooficial@gmail.com | W6: 46163
A7: 2025 | B7: INSTITUTO RESGATE ONG ESCOLA VOLUNTARIA AGRICOLA | C7: MA | D7: Termo de Fomento nº 981884/2025 | E7: 057787/2025 | F7: 72031.008882/2025-61 | G7: Realização de Cursos de Qualificação Profissional voltados a prestadores de serviços dos setores turísticos do Estado do Maranhão. | H7: RP8 | I7: 5400020250016 | J7: Pedro Lucas Fernandes | K7: 46021 | L7: 46511 | M7: 500000 | N7: 500000 | O7: 500000 | P7: SIM | Q7: 500000 | R7: SIM | S7: SIM | U7: (98) 98250-4907 | V7: institutoresgateong@gmail.com | W7: 46163
A8: 2025 | B8: INSTITUTO FUTURE DE JUVENTUDE PROMOÇÃO TURISMO | C8: CE | D8: Termo de Fomento nº 982190/2025 | E8: 048761/2025 | F8: 72031.007746/2025-54 | G8: Realizar a qualificação para os profissionais da área de turismo de eventos | H8: RP8 | I8: 5400020250016 | J8: Dayany Bittencourt | K8: 46022 | L8: 46482 | M8: 450000 | N8: 450000 | O8: 450000 | P8: NÃO | R8: SIM | S8: SIM | U8: (85) 3034-7974 | V8: institutofuture@gmail.com; edna.c.v@gmail.com ou financeiro.instituto01@gmail.com
A9: 2025 | B9: INSTITUTO SOMAR SOLUÇÃO BRASIL | C9: RJ | D9: Termo de Fomento nº 981981/2025 | E9: 047523/2025 | F9: 72031.007747/2025-07 | G9: Realização de cursos de qualificação profissional voltados a prestadores de serviços turísticos. | H9: RP8 | I9: 5400020250016 | J9: Murillo Gouvea | K9: 46021 | L9: 46356 | M9: 450000 | N9: 450000 | O9: 450000 | P9: SIM | Q9: 450000 | R9: SIM | S9: SIM | U9: (21) 99759-8450 | V9: diretoriaexecutiva.somar@gmail.com | W9: 46163
A10: 2025 | B10: ASSOCIAÇÃO CONSTRUIR DE ASSISTENCIA SOCIAL | C10: RJ | D10: Termo de Fomento nº 982185/2025 | E10: 045968/2025 | F10: 72031.007749/2025-98 | G10: Realização de cursos de qualificação profissional voltados a prestadores de serviços turísticos nos municípios de Guapimirim e Búzios – RJ. | H10: RP8 | I10: 5400020250016 | J10: Juninho do Pneu | K10: 46021 | L10: 46296 | M10: 400000 | N10: 400000 | O10: 400000 | P10: SIM | Q10: 400000 | R10: SIM | S10: SIM | U10: (21) 98134-9150 (21) 98206-2395 | V10: borgesadvogadosbr@gmail.com | W10: 46163
A11: 2026 | B11: LIGA BRASILEIRA DE CLUBES DE BOXE | C11: RJ | E11: 026743/2026 | F11: 72031.007306/2026-88 | G11: Execução do projeto Turismo em Movimento: Capacitação para o Turismo Esportivo no Rio de Janeiro, destinado à capacitação gratuita de 450 pessoas, de ambos os sexos, com idade entre 18 e 45 anos, para atuação na cadeia do turismo esportivo, com foco na qualificação de serviços relacionados à recepção de visitantes, atendimento ao turista, hospitalidade, apoio operacional, empreendedorismo, sustentabilidade, segurança turística e organização de atividades vinculadas a grandes eventos esportivos. O projeto será realizado nos municípios de Paracambi/RJ e Rio de Janeiro/RJ, em formato híbrido, com atividades presenciais e online, durante o período de 90 dias, buscando ampliar as oportunidades de inclusão produtiva, geração de renda e participação da população local nas atividades econômicas relacionadas ao turismo esportivo, especialmente em contextos de eventos de grande circulação, como competições de boxe e demais modalidades esportivas de interesse turístico. | H11: RP8 | I11: 5400020260023 | J11: DR. Flavio Campos Ferreira | K11: 46178 | L11: 46542 | M11: 2500000 | N11: 2500000 | P11: NÃO | R11: NÃO | S11: NÃO | T11: IMPEDIMENTO TÉCNICO | U11: (61) 99214-3725 | V11: Fauziprojetos@gmail.com
A12: 2026 | B12: ADEMINAS AGENCIA DE DESENVOLVIMENTO ECONOMICO E SOCIAL DO ESTADO DE MINAS GERAIS | C12: MG | D12: Termo de Fomento nº 7AAAJN/2026 | E12: 027839/2026 | F12: 72031.005809/2026-19 | G12: Realização de cursos de qualificação profissional voltados a prestadores de serviços turísticos. | H12: RP8 | I12: 5400020260023 | J12: Zé Vitor | K12: 46222 | L12: 46586 | M12: 2500000 | N12: 2500000 | O12: 2500000 | P12: NÃO | R12: NÃO | S12: NÃO | T12: pedi para ajustarem o atestado de capacidade tecnica | U12: (34) 99953-3941 | V12: atendimento@ademinas.com.br
A13: 2026 | B13: ABRASOCIAL ASSOCIACAO BRASILEIRA SERVICOS SOCIAIS - CGTURES | C13: RJ | D13: Termo de Fomento nº 999084/2026 | E13: 011309/2026 | F13: 72031.005102/2026-11 | G13: IMPLEMENTAÇÃO DE PROGRAMA DE QUALIFICAÇÃO PROFISSIONAL AOS PROFISSIONAIS DE ATENDIMENTO DO RIO DE JANEIRO | H13: RP6 | I13: 5400020260009 | J13: Marcelo Crivella | K13: 46174 | L13: 46539 | M13: 250000 | N13: 250000 | O13: 250000 | P13: NÃO | R13: NÃO | S13: NÃO | T13: Em Complementação | U13: (21) 97928-6967 | V13: clmreis.2023@gmail.com
A14: 2026 | B14: INSTITUTO SOMAR SOLUÇAO BRASIL | C14: RJ | D14: Termo de Fomento nº 7AAEOA/2026 | E14: 031236/2026 | F14: 72031.007850/2026-20 | G14: Realização de cursos de qualificação profissional voltados a prestadores de serviços turísticos. | H14: RP6 | I14: 5400020260009 | J14: Murillo Gouvea | K14: 46357 | L14: 46660 | M14: 500000 | N14: 500000 | P14: NÃO | R14: NÃO | S14: NÃO | T14: Enviado para analise | U14: (21) 99759-8450 | V14: diretoriaexecutiva.somar@gmail.com

Sheet Resumo de Fomentos

Sheet TED
A1: Dados Básicos do Instrumento | L1: Situação do Repasse Financeiro | N1: Status | O1: Categorização de Motivos
A2: Ano | B2: Nome do proponente | C2: UF do Proponente | D2: Instrumento | E2: Número do processo SEI | F2: Modalidade | G2: Parlamentar Solicitante | H2: Data Início de Vigência | I2: Data Término de Vigência Atual | J2: Valor Total do Plano de Ação | K2: Valor Global | L2: Repasse Financeiro Realizado? | M2: Valor Já Repassado (MTur) | N2: Situação | O2: Observações | P2: Data do Repasse
A3: 2025 | B3: INSTITUTO FEDERAL DO PIAUÍ | C3: PI | D3: TED nº 987841/2025 | E3: 72031.009540/2025-69 | F3: RP8 | G3: Julio Arcoverde | H3: 45995 | I3: 46543 | J3: 5000000 | K3: 5000000 | L3: SIM | M3: 5000000 | N3: Em execução | P3: 45999
A4: 2025 | B4: INSTITUTO FEDERAL DO PIAUÍ - CGST | C4: PI | D4: TED nº 990795/2025 | E4: 72031.011729/2025-11 | F4: RP8 | G4: Julio Arcoverde | H4: 46022 | I4: 46399 | J4: 5000000 | K4: 5000000 | L4: SIM | M4: 5000000 | N4: Em execução | P4: 46022
A5: 2025 | B5: Universidade Federal de Brasília | C5: PI | D5: TED nº 985434/2025 | E5: 72031.003454/2025-42 | F5: RP8 | G5: Julio Arcoverde | H5: 45965 | I5: 46507 | J5: 4002240 | K5: 4002240 | L5: SIM | M5: 3500000 | N5: Em execução | O5: Saldo de R$ 502.240,00 aguardando indicação de recurso
A6: 2025 | B6: Instituto Federal de Educação, Ciência e Tecnologia do Maranhão | C6: MA | D6: TED nº 988799/2025 | E6: 72031.009969/2025-56 | F6: RP8 | G6: Julio Arcoverde | H6: 46003 | I6: 46368 | J6: 12500000 | K6: 12500000 | L6: SIM | M6: 12500000 | N6: Em execução | P6: 46086

Sheet Valores ja Repassados
A1: Dados Básicos do Instrumento | K1: Situação do Repasse Financeiro | M1: Status da Cláusula Suspensiva e Aditivo | O1: Categorização de Motivos
A2: Ano | B2: Nome do proponente | C2: UF do Proponente | D2: Instrumento | E2: Número da Proposta | F2: Número do processo SEI | G2: Modalidade | H2: Parlamentar Solicitante | I2: Valor de Repasse da Proposta | J2: Valor Global | K2: Repasse Financeiro Realizado? | L2: Valor Já Repassado (MTur) | M2: Saiu da Cláusula Suspensiva? | N2: Termo Aditivo Assinado? | O2: Motivo da Permanência na Cláusula Suspensiva
A3: 2025 | B3: SECRETARIA DE ESTADO DE TURISMO | C3: PA | D3: Convênio nº 982176/2025 | E3: 046938/2025 | F3: 72031.007587/2025-98 | G3: RP8 | H3: Pedro Lucas Fernandes | I3: 2600000 | J3: 2630400 | K3: SIM | L3: 2630400 | M3: SIM | N3: NÃO
A4: 2025 | B4: SECRETARIA DE ESTADO DE ASSISTENCIA SOCIAL,TRABALHO,EMPREGO E RENDA | C4: PA | D4: Convênio nº 981933/2025 | E4: 48483/2025 | F4: 72031.007724/2025-94 | G4: RP8 | H4: Dilvanda Faro | I4: 1500000 | J4: 1502000 | K4: SIM | L4: 1500000 | M4: SIM | N4: NÃO
A5: 2025 | B5: SERVICO NACIONAL DE APRENDIZAGEM COMERCIAL - SENAC - AR/RN | C5: RN | D5: Convênio nº 978164/2025 | E5: 026461/2025 | F5: 72031.004919/2025-82 | G5: RP6 | H5: Rogério Marinho | I5: 500000 | J5: 500000 | K5: SIM | L5: 500000 | M5: SIM | N5: NÃO
A6: 2025 | B6: INSTITUTO NACIONAL DE PARCERIAS PUBLICAS - INPP | C6: DF | D6: Termo de Fomento nº 988679/2025 | E6: 065987/2025 | F6: 72031.011036/2025-29 | G6: RP8 | H6: Doutor Luizinho | I6: 5000000 | J6: 5000000 | K6: SIM | L6: 5000000 | M6: NÃO | N6: NÃO
A7: 2025 | B7: INSTITUTO SOCIAL DE CAPELANIA EDUCACIONAL E CULTURAL DO MARANHAO ISCEC MA | C7: MA | D7: Termo de Fomento nº 988537/2025 | E7: 065935/2025 | F7: 72031.011033/2025-95 | G7: RP8 | H7: Pedro Lucas Fernandes | I7: 330000 | J7: 330000 | K7: SIM | L7: 330000 | M7: NÃO | N7: NÃO
A8: 2025 | B8: INSTITUTO CONEXAO | C8: RJ | D8: Termo de Fomento nº 987800/2025 | E8: 065398/2025 | F8: 72031.010787/2025-28 | G8: RP8 | H8: Otoni de Paula | I8: 4000000 | J8: 4000000 | K8: SIM | L8: 4000000 | M8: NÃO | N8: NÃO
A9: 2025 | B9: INSTITUTO RESGATE ONG ESCOLA VOLUNTARIA AGRICOLA | C9: MA | D9: Termo de Fomento nº 981884/2025 | E9: 057787/2025 | F9: 72031.008882/2025-61 | G9: RP8 | H9: Pedro Lucas Fernandes | I9: 500000 | J9: 500000 | K9: SIM | L9: 500000 | M9: NÃO | N9: NÃO
A10: 2025 | B10: INSTITUTO SOMAR SOLUÇÃO BRASIL | C10: RJ | D10: Termo de Fomento nº 981981/2025 | E10: 047523/2025 | F10: 72031.007747/2025-07 | G10: RP8 | H10: Murillo Gouvea | I10: 450000 | J10: 450000 | K10: SIM | L10: 450000 | M10: NÃO | N10: NÃO
A11: 2025 | B11: ASSOCIAÇÃO CONSTRUIR DE ASSISTENCIA SOCIAL | C11: RJ | D11: Termo de Fomento nº 982185/2025 | E11: 045968/2025 | F11: 72031.007749/2025-98 | G11: RP8 | H11: Juninho do Pneu | I11: 400000 | J11: 400000 | K11: SIM | L11: 400000 | M11: NÃO | N11: NÃO

Sheet Resumo de Instrumentos Celebrad
A1: Nome do proponente | B1: UF do Proponente | C1: Instrumento | D1: Número da Proposta | E1: Número do processo SEI | F1: Modalidade | G1: Valor de Repasse da Proposta | H1: Valor Global - VALOR MTUR + CONTRAPARTIDA | I1: Valor do Empenho - REPASSE MTUR | J1: Repasse Financeiro Realizado? | K1: Valor Já Repassado (MTur) | L1: % Valor já repassado | M1: Saiu da Cláusula Suspensiva? | N1: Termo Aditivo Assinado?
A2: MUNICIPIO DE WENCESLAU GUIMARAES | B2: RN | C2: Convênio nº 982062/2025 | D2: 044302/2025 | E2: 72031.007745/2025-18 | F2: RP8 | G2: 450000 | H2: 455000 | I2: 450000 | J2: NÃO | L2: =IFERROR(K2/I2,"") -> 0 | M2: NÃO | N2: NÃO
A3: MUNICIPIO DE PORANGATU | B3: GO | C3: Convênio nº 981938/2025 | D3: 045921/2025 | E3: 72031.007744/2025-65 | F3: RP8 | G3: 450000 | H3: 455377.26 | I3: 450000 | J3: NÃO | L3: =IFERROR(K3/I3,"") -> 0 | M3: NÃO | N3: NÃO | S3: Resumo de Convênios - 2025
A4: MUNICIPIO DE NATAL | B4: RN | C4: Convênio nº 988080/2025 | D4: 065869/2025 | E4: 72031.010978/2025-90 | F4: RP8 | G4: 2994000 | H4: 3000000 | I4: 2994000 | J4: NÃO | L4: =IFERROR(K4/I4,"") -> 0 | M4: SIM | N4: SIM | T4: Quantitativo | U4: Percentual
A5: MUNICÍPIO DO CONDE | B5: PB | C5: Convênio nº 982177/2025 | D5: 058187/2025 | E5: 72031.009014/2025-07 | F5: RP8 | G5: 990000 | H5: 1000000 | I5: 1000000 | J5: NÃO | L5: =IFERROR(K5/I5,"") -> 0 | M5: SIM | N5: SIM | S5: Quantitativo de Convênios Celebrados 2025 | T5: =COUNTA(A2:A25) -> 24 | U5: =100% -> 1
A6: MUNICIPIO DE TRAJANO DE MORAIS | B6: RJ | C6: Convênio nº 981834/2025 | D6: 046999/2025 | E6: 72031.007737/2025-63 | F6: RP8 | G6: 700000 | H6: 707000 | I6: 700000 | J6: NÃO | L6: =IFERROR(K6/I6,"") -> 0 | M6: SIM | N6: SIM | S6: Saiu da Cláusula Suspensiva | T6: =COUNTIF(M2:M25, "SIM") -> 19 | U6: =COUNTIF(M2:M25, "SIM") / COUNTA(M2:M25) -> 0.79166667
A7: MUNICIPIO DE CAPELA | B7: SE | C7: Convênio nº 981970/2025 | D7: 053406/2025 | E7: 72031.007719/2025-81 | F7: RP8 | G7: 1300000 | H7: 1301400 | I7: 1300000 | J7: NÃO | L7: =IFERROR(K7/I7,"") -> 0 | M7: NÃO | N7: NÃO | S7: Está na Cláusula Suspensiva | T7: =COUNTIF(M2:M25, "NÃO") -> 5 | U7: =COUNTIF(M2:M25, "NÃO") / COUNTA(M2:M25) -> 0.20833333
A8: SECRETARIA DO DESENVOLVIMENTO ECONOMICO - Luzilândia/PI | B8: PI | C8: Convênio nº 981840/2025 | D8: 055620/2025 | E8: 72031.008914/2025-29 | F8: RP8 | G8: 500000 | H8: 505000 | I8: 500000 | J8: NÃO | L8: =IFERROR(K8/I8,"") -> 0 | M8: SIM | N8: SIM | S8: Termo Aditivo Assinado | T8: =COUNTIF(N2:N25, "SIM") -> 19 | U8: =COUNTIF(N2:N25, "SIM") / COUNTA(N2:N25) -> 0.79166667
A9: ESTADO DO ACRE | B9: AC | C9: Convênio nº 984749/2025 | D9: 062060/2025 | E9: 72031.009977/2025-01 | F9: RP8 | G9: 500000 | H9: 500500.5 | I9: 500000 | J9: NÃO | L9: =IFERROR(K9/I9,"") -> 0 | M9: SIM | N9: SIM | S9: Termo Aditivo não Assinado | T9: =COUNTIF(N2:N24, "NÃO") -> 5 | U9: =COUNTIF(N2:N25, "NÃO") / COUNTA(N2:N25) -> 0.20833333
A10: MUNICÍPIO DE ITALVA | B10: RJ | C10: Convênio nº 982182/2025 | D10: 058330/2025 | E10: 72031.009016/2025-98 | F10: RP8 | G10: 1259150 | H10: 1260750 | I10: 1450000 | J10: NÃO | L10: =IFERROR(K10/I10,"") -> 0 | M10: SIM | N10: SIM | S10: Valor total Empenhado | T10: =SUM(I2:I25) -> 31514000 | U10: =100% -> 1
A11: MUNICIPIO DE CAREIRO | B11: AM | C11: Convênio nº 982173/2025 | D11: 046967/2025 | E11: 72031.007739/2025-52 | F11: RP8 | G11: 450000 | H11: 452000 | I11: 450000 | J11: NÃO | L11: =IFERROR(K11/I11,"") -> 0 | M11: SIM | N11: SIM | S11: Valor total de Repasse (MTur) | T11: =SUM(K2:K25) -> 4600000 | U11: =T11/T10 -> 0.14596687
A12: MUNICIPIO DE TIBAU DO SUL | B12: RN | C12: Convênio nº 981972/2025 | D12: 048276/2025 | E12: 72031.007727/2025-28 | F12: RP8 | G12: 400000 | H12: 401000 | I12: 400000 | J12: NÃO | L12: =IFERROR(K12/I12,"") -> 0 | M12: SIM | N12: SIM | S12: Total empenhado mas não repassado | T12: =T10-T11 -> 26914000 | U12: =T12/T10 -> 0.85403313
A13: MUNICIPIO DE NILOPOLIS | B13: RJ | C13: Convênio nº 982154/2025 | D13: 048504/2025 | E13: 72031.007723/2025-40 | F13: RP8 | G13: 800000 | H13: 808000 | I13: 800000 | J13: NÃO | L13: =IFERROR(K13/I13,"") -> 0 | M13: NÃO | N13: NÃO
A14: MUNICIPIO DE CANINDE DE SAO FRANCISCO | B14: SE | C14: Convênio nº 981733/2025 | D14: 048648/2025 | E14: 72031.007722/2025-03 | F14: RP8 | G14: 450000 | H14: 451000 | I14: 450000 | J14: NÃO | L14: =IFERROR(K14/I14,"") -> 0 | M14: SIM | N14: SIM
A15: MUNICIPIO DE SOBRAL | B15: CE | C15: Convênio nº 982074/2025 | D15: 056109/2025 | E15: 72031.008756/2025-15 | F15: RP8 | G15: 1500000 | H15: 1612903.2 | I15: 1500000 | J15: NÃO | L15: =IFERROR(K15/I15,"") -> 0 | M15: SIM | N15: SIM | S15: Resumo de Termos de Fomento - 2025
A16: MUNICIPIO DE SOBRAL | B16: CE | C16: Convênio nº 982143/2025 | D16: 047412/2025 | E16: 72031.007733/2025-85 | F16: RP8 | G16: 450000 | H16: 451681.86 | I16: 450000 | J16: NÃO | L16: =IFERROR(K16/I16,"") -> 0 | M16: SIM | N16: SIM | T16: Quantitativo | U16: Percentual
A17: MUNICIPIO DE IAÇU | B17: BA | C17: Convênio nº 982032/2025 | D17: 048766/2025 | E17: 72031.007721/2025-51 | F17: RP8 | G17: 370000 | H17: 379820 | I17: 370000 | J17: NÃO | L17: =IFERROR(K17/I17,"") -> 0 | M17: SIM | N17: SIM | S17: Quantitativo de Fomentos Celebrados 2025 | T17: =COUNTA(A29:A35) -> 7 | U17: =100% -> 1
A18: SECRETARIA DO DESENVOLVIMENTO ECONOMICO - Teresina/PI | B18: PI | C18: Convênio nº 981837/2025 | D18: 055573/2025 | E18: 72031.008918/2025-15 | F18: RP8 | G18: 500000 | H18: 505000 | I18: 500000 | J18: NÃO | L18: =IFERROR(K18/I18,"") -> 0 | M18: SIM | N18: SIM | S18: Saiu das Ressalvas | T18: =COUNTIF(M29:M35, "SIM") -> 7 | U18: =COUNTIF(M29:M35, "SIM") / COUNTA(M29:M35) -> 1
A19: SECRETARIA DE ESTADO DE TURISMO (SETUR-PA) | B19: PA | C19: Convênio nº 982176/2025 | D19: 046938/2025 | E19: 72031.007587/2025-98 | F19: RP8 | G19: 2600000 | H19: 2630400 | I19: 2600000 | J19: SIM | K19: 2600000 | L19: =IFERROR(K19/I19,"") -> 1 | M19: SIM | N19: SIM | S19: Não Saiu das Ressalvas | T19: =COUNTIF(M29:M35, "NÃO") -> 0 | U19: =COUNTIF(M29:M35, "NÃO") / COUNTA(M29:M35) -> 0
A20: Empresa Estadual de Turismo do Amazonas | B20: AM | C20: Convênio nº 981882/2025 | D20: 048072/2025 | E20: 72031.007729/2025-17 | F20: RP8 | G20: 450000 | H20: 450500 | I20: 450000 | J20: NÃO | L20: =IFERROR(K20/I20,"") -> 0 | M20: SIM | N20: SIM | S20: Termo Aditivo Assinado | T20: =COUNTIF(N29:N35, "SIM") -> 7 | U20: =COUNTIF(N29:N35, "SIM") / COUNTA(N29:N35) -> 1
A21: SECRETARIA DO DESENVOLVIMENTO ECONOMICO - Parnaíba/PI | B21: PI | C21: Convênio nº 981838/2025 | D21: 055597/2025 | E21: 72031.008917/2025-62 | F21: RP8 | G21: 500000 | H21: 505000 | I21: 500000 | J21: NÃO | L21: =IFERROR(K21/I21,"") -> 0 | M21: SIM | N21: SIM | S21: Termo Aditivo não Assinado | T21: =COUNTIF(N29:N35, "NÃO") -> 0 | U21: =COUNTIF(N29:N35, "NÃO") / COUNTA(N29:N35) -> 0
A22: FUNDACAO WALL FERRAZ | B22: PI | C22: Convênio nº 981951/2025 | D22: 058243/2025 | E22: 72031.008951/2025-37 | F22: RP8 | G22: 10000000 | H22: 10030000 | I22: 10000000 | J22: NÃO | L22: =IFERROR(K22/I22,"") -> 0 | M22: SIM | N22: SIM | S22: Valor total Empenhado | T22: =SUM(I29:I35) -> 11130000 | U22: =100% -> 1
A23: SECRETARIA DE ESTADO DE ASSISTENCIA SOCIAL,TRABALHO,EMPREGO E RENDA | B23: PA | C23: Convênio nº 981933/2025 | D23: 48483/2025 | E23: 72031.007724/2025-94 | F23: RP8 | G23: 1500000 | H23: 1502000 | I23: 1500000 | J23: SIM | K23: 1500000 | L23: =IFERROR(K23/I23,"") -> 1 | M23: SIM | N23: SIM | S23: Valor total de Repasse (MTur) | T23: =SUM(K29:K35) -> 10680000 | U23: =T23/T22 -> 0.95956873
A24: MUNICIPIO DE GUARAREMA - CGTURES | B24: SP | C24: Convênio nº 982171/2025 | D24: 047176/2025 | E24: 72031.007735/2025-74 | F24: RP8 | G24: 1700000 | H24: 1734000 | I24: 1700000 | J24: NÃO | L24: =IFERROR(K24/I24,"") -> 0 | M24: NÃO | N24: NÃO | S24: Total empenhado mas não repassado | T24: =T22-T23 -> 450000 | U24: =T24/T22 -> 0.040431267
A25: SERVICO NACIONAL DE APRENDIZAGEM COMERCIAL - SENAC - AR/RN | B25: RN | C25: Convênio nº 978164/2025 | D25: 026461/2025 | E25: 72031.004919/2025-82 | F25: RP6 | G25: 500000 | H25: 500000 | I25: 500000 | J25: SIM | K25: 500000 | L25: =IFERROR(K25/I25,"") -> 1 | M25: SIM | N25: SIM
S27: Resumo de TEDs - 2025
A28: Nome do proponente | B28: UF do Proponente | C28: Instrumento | D28: Número da Proposta | E28: Número do processo SEI | F28: Modalidade | G28: Valor de Repasse da Proposta | H28: Valor Global | I28: Valor do Empenho | J28: Repasse Financeiro Realizado? | K28: Valor Já Repassado (MTur) | L28: % Valor já repassado | M28: Saiu das Ressalvas? | N28: Termo Aditivo Assinado? | T28: Quantitativo | U28: Percentual
A29: INSTITUTO NACIONAL DE PARCERIAS PUBLICAS - INPP | B29: DF | C29: Termo de Fomento nº 988679/2025 | D29: 065987/2025 | E29: 72031.011036/2025-29 | F29: RP8 | G29: 5000000 | H29: 5000000 | I29: 5000000 | J29: SIM | K29: 5000000 | L29: =IFERROR(I29/K29,"") -> 1 | M29: SIM | N29: SIM | S29: Quantitativo de Teds Celebrados 2025 | T29: =COUNTA(A39:A42) -> 4 | U29: =100% -> 1
A30: INSTITUTO SOCIAL DE CAPELANIA EDUCACIONAL E CULTURAL DO MARANHAO ISCEC MA | B30: MA | C30: Termo de Fomento nº 988537/2025 | D30: 065935/2025 | E30: 72031.011033/2025-95 | F30: RP8 | G30: 330000 | H30: 330000 | I30: 330000 | J30: SIM | K30: 330000 | L30: =IFERROR(I30/K30,"") -> 1 | M30: SIM | N30: SIM | S30: TEDs em Execução | T30: =COUNTIF(K39:K42, "Em execução") -> 4 | U30: =COUNTIF(K39:K42, "Em execução") / COUNTA(K39:K42) -> 1
A31: INSTITUTO CONEXAO | B31: RJ | C31: Termo de Fomento nº 987800/2025 | D31: 065398/2025 | E31: 72031.010787/2025-28 | F31: RP8 | G31: 4000000 | H31: 4000000 | I31: 4000000 | J31: SIM | K31: 4000000 | L31: =IFERROR(I31/K31,"") -> 1 | M31: SIM | N31: SIM | S31: TEDs Paralisados | T31: =COUNTIF(K39:K42, "Paralisados") -> 0 | U31: =COUNTIF(K39:K42, "Paralisado") / COUNTA(K39:K42) -> 0
A32: INSTITUTO RESGATE ONG ESCOLA VOLUNTARIA AGRICOLA | B32: MA | C32: Termo de Fomento nº 981884/2025 | D32: 057787/2025 | E32: 72031.008882/2025-61 | F32: RP8 | G32: 500000 | H32: 500000 | I32: 500000 | J32: SIM | K32: 500000 | L32: =IFERROR(I32/K32,"") -> 1 | M32: SIM | N32: SIM | S32: Total celebrado empenhado | T32: =SUM(G39:G42) -> 26502240 | U32: =100% -> 1
A33: INSTITUTO FUTURE DE JUVENTUDE PROMOÇÃO TURISMO | B33: CE | C33: Termo de Fomento nº 982190/2025 | D33: 048761/2025 | E33: 72031.007746/2025-54 | F33: RP8 | G33: 450000 | H33: 450000 | I33: 450000 | J33: NÃO | L33: =IFERROR(I33/K33,"") | M33: SIM | N33: SIM | S33: Valor total de Repasse (MTur) | T33: =SUM(I39:I42) -> 26000000 | U33: =T33/T32 -> 0.98104915
A34: INSTITUTO SOMAR SOLUÇÃO BRASIL | B34: RJ | C34: Termo de Fomento nº 981981/2025 | D34: 047523/2025 | E34: 72031.007747/2025-07 | F34: RP8 | G34: 450000 | H34: 450000 | I34: 450000 | J34: SIM | K34: 450000 | L34: =IFERROR(I34/K34,"") -> 1 | M34: SIM | N34: SIM | S34: Total empenhado mas não repassado | T34: =T32-T33 -> 502240 | U34: =T34/T32 -> 0.018950851 | V34: A diferença de R$ 502.240,00 (1,90%) corresponde ao valor empenhado do TED nº 985434/2025 com a Universidade Federal de Brasília - UnB, esta aguardando indicação de recurso
A35: ASSOCIAÇÃO CONSTRUIR DE ASSISTENCIA SOCIAL | B35: RJ | C35: Termo de Fomento nº 982185/2025 | D35: 045968/2025 | E35: 72031.007749/2025-98 | F35: RP8 | G35: 400000 | H35: 400000 | I35: 400000 | J35: SIM | K35: 400000 | L35: =IFERROR(I35/K35,"") -> 1 | M35: SIM | N35: SIM
A38: Nome do proponente | B38: UF do Proponente | C38: Instrumento | D38: Número do processo SEI | E38: Modalidade | F38: Valor Total do Plano de Ação | G38: Valor Global | H38: Repasse Financeiro Realizado? | I38: Valor Já Repassado (MTur) | J38: % Valor já repassado | K38: Situação
A39: INSTITUTO FEDERAL DO PIAUÍ | B39: PI | C39: TED nº 987841/2025 | D39: 72031.009540/2025-69 | E39: RP8 | F39: 5000000 | G39: 5000000 | H39: SIM | I39: 5000000 | J39: =IFERROR(I39/G39,"") -> 1 | K39: Em execução
A40: INSTITUTO FEDERAL DO PIAUÍ - CGST | B40: PI | C40: TED nº 990795/2025 | D40: 72031.011729/2025-11 | E40: RP8 | F40: 5000000 | G40: 5000000 | H40: SIM | I40: 5000000 | J40: =IFERROR(I40/G40,"") -> 1 | K40: Em execução
A41: Universidade Federal de Brasília | B41: PI | C41: TED nº 985434/2025 | D41: 72031.003454/2025-42 | E41: RP8 | F41: 4002240 | G41: 4002240 | H41: SIM | I41: 3500000 | J41: =IFERROR(I41/G41,"") -> 0.87451027 | K41: Em execução
A42: Instituto Federal de Educação, Ciência e Tecnologia do Maranhão | B42: MA | C42: TED nº 988799/2025 | D42: 72031.009969/2025-56 | E42: RP8 | F42: 12500000 | G42: 12500000 | H42: SIM | I42: 12500000 | J42: =IFERROR(I42/G42,"") -> 1 | K42: Em execução

Sheet Instrumentos Celebrados - 2026
A1: Nome do proponente | B1: UF do Proponente | C1: Instrumento | D1: Número da Proposta | E1: Número do processo SEI | F1: Modalidade | G1: Valor de Repasse da Proposta | H1: Valor Global - VALOR MTUR + CONTRAPARTIDA | I1: Valor do Empenho - REPASSE MTUR | J1: Repasse Financeiro Realizado? | K1: Valor Já Repassado (MTur) | L1: Celebrado? | M1: Saiu da Cláusula Suspensiva? | N1: Termo Aditivo Assinado?
A2: MUNICIPIO DE MARTINOPOLE | B2: CE | C2: Convênio nº 994695/2026 | D2: 016094/2026 | E2: 72031.003111/2026-69 | F2: RP2 | G2: 500000 | H2: 505000 | I2: 500000 | J2: NÃO | L2: CELEBRADO | M2: sem clausula suspensiva | N2: sem aditivo | R2: Resumo de Convênios - 2026
A3: MUNICIPIO DE UMIRIM | B3: CE | C3: Convênio nº 994697/2026 | D3: 016277/2026 | E3: 72031.003167/2026-13 | F3: RP2 | G3: 500000 | H3: 505000 | I3: 500000 | J3: NÃO | L3: CELEBRADO | M3: sem clausula suspensiva | N3: sem aditivo | S3: Quantitativo | T3: Percentual
A4: SECRETARIA DE ESTADO DO TURISMO E DO DESENVOLVIMENTO ECONOMICO - Paraiba/PB | B4: PB | C4: Convênio nº 994933/2026 | D4: 016757/2026 | E4: 72031.003282/2026-98 | F4: RP2 | G4: 1000000 | H4: 1010000 | I4: 1000000 | J4: NÃO | L4: CELEBRADO | M4: sem clausula suspensiva | N4: sem aditivo | R4: Quantitativo de Convênios 2026 | S4: =COUNTA(A2:A8) -> 7 | T4: =100% -> 1
A5: ESTADO DO MARANHÃO - SECRETARIA DE ESTADO DO DESENVOLVIMENTO SOCIAL | B5: MA | C5: Convênio nº 7AABQQ/2026 | D5: 029175/2026 | E5: 72031.006356/2026-48 | F5: RP2 | G5: 1000000 | H5: 1010000 | I5: 1000000 | J5: NÃO | L5: NÃO CELEBRADO | M5: - | N5: - | R5: Celebrado em 2026 | S5: =COUNTIF(L2:L8, "CELEBRADO") -> 3 | T5: =S5/S$4 -> 0.42857143
A6: SERVICO NACIONAL DE APRENDIZAGEM COMERCIAL - SENAC - AR/RN | B6: RN | C6: Convênio nº 7AAAMY/2026 | D6: 010275/2026 | E6: 72031.004566/2026-00 | F6: RP6 | G6: 500000 | H6: 525000 | I6: 500000 | J6: NÃO | L6: NÃO CELEBRADO | M6: - | N6: - | R6: Pendente de Celebração em 2026 | S6: =COUNTIF(L2:L8, "NÃO CELEBRADO") -> 4 | T6: =S6/S$4 -> 0.57142857
A7: MUNICIPIO DE NISIA FLORESTA | B7: RN | C7: Convênio nº 7AADYR/2026 | D7: 026609/2026 | E7: 72031.007272/2026-21 | F7: RP2 | G7: 250000 | H7: 263618.48 | J7: NÃO | L7: NÃO CELEBRADO | M7: - | N7: - | R7: Valor total Comprometido (Empenhado+Não Empenhado) | S7: =SUM(G2:G8) -> 4000000 | T7: =100% -> 1
A8: MUNICÍPIO DE BAIA FORMOSA | B8: RN | D8: 034396/2026 | F8: RP2 | G8: 250000 | H8: 251000 | J8: NÃO | L8: NÃO CELEBRADO | M8: - | N8: - | R8: Valor total Empenhado | S8: =SUM(I2:I8) -> 3500000 | T8: =S8/S7 -> 0.875
G9: =SUM(G2:G8) -> 4000000 | H9: =SUM(H2:H8) -> 4069618.5 | I9: =SUM(I2:I8) -> 3500000 | R9: Valor a Empenhar | S9: =S7-S8 -> 500000 | T9: =S9/S7 -> 0.125
R10: Valor total de Repasse (MTur) | S10: =SUM(K2:K8) -> 0 | T10: =S10/S7 -> 0
R11: Total empenhado mas não repassado | S11: =S8 -> 3500000 | T11: =S11/S7 -> 0.875
A12: Nome do proponente | B12: UF do Proponente | C12: Instrumento | D12: Número da Proposta | E12: Número do processo SEI | F12: Modalidade | G12: Valor de Repasse da Proposta | H12: Valor Global | I12: Valor do Empenho | J12: Repasse Financeiro Realizado? | K12: Valor Já Repassado (MTur) | L12: Celebrado? | M12: Saiu das Ressalvas? | N12: Termo Aditivo Assinado?
A13: LIGA BRASILEIRA DE CLUBES DE BOXE | B13: RJ | C13: Termo de Fomento s/n | D13: 026743/2026 | F13: RP8 | G13: 2500000 | H13: 2500000 | J13: NÃO | L13: NÃO CELEBRADO | M13: - | N13: -
A14: ADEMINAS AGENCIA DE DESENVOLVIMENTO ECONOMICO E SOCIAL DO ESTADO DE MINAS GERAIS | B14: MG | C14: Termo de Fomento nº 7AAAJN/2026 | D14: 027839/2026 | E14: 72031.005809/2026-19 | F14: RP8 | G14: 2500000 | H14: 2500000 | I14: 2500000 | J14: NÃO | L14: NÃO CELEBRADO | M14: - | N14: - | R14: Resumo de Termos de Fomento - 2026
A15: ABRASOCIAL ASSOCIACAO BRASILEIRA SERVICOS SOCIAIS - CGTURES | B15: RJ | C15: Termo de Fomento nº 999084/2026 | D15: 011309/2026 | E15: 72031.005102/2026-11 | F15: RP6 | G15: 250000 | H15: 250000 | I15: 250000 | J15: NÃO | L15: NÃO CELEBRADO | M15: - | N15: -
A16: INSTITUTO SOMAR SOLUÇAO BRASIL | B16: RJ | C16: Termo de Fomento nº 7AAEOA/2026 | D16: 031236/2026 | E16: 72031.007850/2026-20 | F16: RP6 | G16: 500000 | H16: 500000 | J16: NÃO | L16: NÃO CELEBRADO | M16: - | N16: - | S16: Quantitativo | T16: Percentual
G17: =SUM(G13:G16) -> 5750000 | H17: =SUM(H13:H16) -> 5750000 | I17: =SUM(I13:I16) -> 2750000 | R17: Quantitativo de Fomentos 2026 | S17: =COUNTA(A13:A16) -> 4 | T17: =100% -> 1
R18: Celebrado em 2026 | S18: =COUNTIF(L13:L16, "CELEBRADO") -> 0 | T18: =S18/S$17 -> 0
R19: Pendente de Celebração em 2026 | S19: =COUNTIF(L13:L16, "NÃO CELEBRADO") -> 4 | T19: =S19/S$17 -> 1
R20: Valor total Comprometido (Empenhado+Não Empenhado) | S20: =SUM(G13:G16) -> 5750000 | T20: =100% -> 1
R21: Valor total Empenhado | S21: =SUM(I13:I16) -> 2750000 | T21: =S21/S20 -> 0.47826087
R22: Valor a Empenhar | S22: =S20-S21 -> 3000000 | T22: =S22/S20 -> 0.52173913
R23: Valor total de Repasse (MTur) | S23: =SUM(K13:K16) -> 0 | T23: =S23/S20 -> 0
R24: Total empenhado mas não repassado | S24: =S21 -> 2750000 | T24: =S24/S20 -> 0.47826087

Sheet Resumo dos Instrumentos Celebra
A1: Resumo de Convênios - 2026
B2: Quantitativo | C2: Percentual
A3: Quantitativo de Convênios 2026 | B3: =COUNTA('Instrumentos Celebrados - 2026'!A2:A8) -> 7 | C3: =100% -> 1
A4: Celebrado em 2026 | B4: =COUNTIF('Instrumentos Celebrados - 2026'!L2:L8, "CELEBRADO") -> 3 | C4: =B4/B3 -> 0.42857143
A5: Pendente de Celebração em 2026 | B5: =COUNTIF('Instrumentos Celebrados - 2026'!L2:L8, "NÃO CELEBRADO") -> 4 | C5: =B5/B3 -> 0.57142857
A6: Valor total Comprometido (Empenhado+Não Empenhado) | B6: =SUM('Instrumentos Celebrados - 2026'!G2:G8) -> 4000000 | C6: =100% -> 1
A7: Valor total Empenhado | B7: =SUM('Instrumentos Celebrados - 2026'!I2:I8) -> 3500000 | C7: =B7/B6 -> 0.875
A8: Valor a Empenhar | B8: =B6-B7 -> 500000 | C8: =B8/B6 -> 0.125
A9: Valor total de Repasse (MTur) | B9: =SUM('Instrumentos Celebrados - 2026'!K2:K8) -> 0 | C9: =B9/B6 -> 0
A10: Total empenhado mas não repassado | B10: =B7 -> 3500000 | C10: =B10/B6 -> 0.875
A13: Resumo de Termos de Fomento - 2026
B14: Quantitativo | C14: Percentual
A15: Quantitativo de Fomentos 2026 | B15: =COUNTA('Instrumentos Celebrados - 2026'!A13:A16) -> 4 | C15: =100% -> 1
A16: Celebrado em 2026 | B16: =COUNTIF('Instrumentos Celebrados - 2026'!L13:L16, "CELEBRADO") -> 0 | C16: =B16/B15 -> 0
A17: Pendente de Celebração em 2026 | B17: =COUNTIF('Instrumentos Celebrados - 2026'!L13:L16, "NÃO CELEBRADO") -> 4 | C17: =B17/B15 -> 1
A18: Valor total Comprometido (Empenhado+Não Empenhado) | B18: =SUM('Instrumentos Celebrados - 2026'!G13:G16) -> 5750000 | C18: =100% -> 1
A19: Valor total Empenhado | B19: =SUM('Instrumentos Celebrados - 2026'!I13:I15) -> 2750000 | C19: =B19/B18 -> 0.47826087
A20: Valor a Empenhar | B20: =B18-B19 -> 3000000 | C20: =B20/B18 -> 0.52173913
A21: Valor total de Repasse (MTur) | B21: =SUM('Instrumentos Celebrados - 2026'!K13:K16) -> 0 | C21: =B21/B18 -> 0
A22: Total empenhado mas não repassado | B22: =B19 -> 2750000 | C22: =B22/B18 -> 0.47826087

Sheet Orçamento MTur
A1: Ano | B1: Valor
A2: 2026 | B2: 100000000

Sheet Tabela dinâmica 1
